<?xml version="1.0" encoding="UTF-8"?>
<!DOCTYPE mapper PUBLIC   "-//mybatis.org//DTD Mapper 3.0//EN"
   "http://mybatis.org/dtd/mybatis-3-mapper.dtd">
   
   
<mapper namespace="kr.co.gudi.dao.BoardDAO">

	<select id="totalPage" resultType="int">
		SELECT COUNT(idx)/#{param1} FROM bbs
	</select>
	
	<select id="list" resultType="kr.co.gudi.dto.BoardDTO">
		SELECT idx, subject, user_name, bHit, reg_date FROM bbs 
			ORDER BY idx DESC LIMIT #{param1} OFFSET #{param2}
	</select>
	
	<insert 
		useGeneratedKeys="true"
		keyProperty="idx"
		keyColumn="idx"
	id="write" parameterType="kr.co.gudi.dto.BoardDTO">
		INSERT INTO bbs(user_name, subject, content) VALUES(#{user_name}, #{subject}, #{content})
	</insert>
	
	<insert id="fileWrite">
		INSERT INTO files(ori_filename, new_filename, idx) VALUES(#{param1}, #{param2}, #{param3})
	</insert>
	
	<update id="bHit" parameterType="int">
		UPDATE bbs SET bHit = bHit + 1 WHERE idx = #{idx}
	</update>
	
	<select id="boardDetail" resultType="kr.co.gudi.dto.BoardDTO">
		SELECT * FROM bbs WHERE idx = #{idx}
	</select>
	
	<select id="files" resultType="kr.co.gudi.dto.FileDTO" parameterType="list">
		SELECT * FROM files WHERE idx = #{idx}
	</select>

</mapper>