<?xml version="1.0" encoding="UTF-8"?>
<!DOCTYPE mapper PUBLIC   "-//mybatis.org//DTD Mapper 3.0//EN"
   "http://mybatis.org/dtd/mybatis-3-mapper.dtd">
   
   
<mapper namespace="kr.co.gudi.dao.MemberDAO">

	<select id="login" resultType="int" parameterType="kr.co.gudi.dto.MemberDTO">
		SELECT COUNT(id) FROM member WHERE id = #{id} AND pw = #{pw}
	</select>

	<select id="overlay" resultType="int">
		SELECT COUNT(id) FROM member WHERE id = #{param1}
	</select>
	
	<insert id="join" parameterType="kr.co.gudi.dto.MemberDTO">
		INSERT INTO member(id,pw,name,age,gender,email) VALUES(#{id},#{pw},#{name},#{age},#{gender},#{email})
	</insert>
	
	<select id="totalPage" resultType="int">
		SELECT CEIL(COUNT(id)/#{param1}) FROM member
	</select>
	
	<select id="memberList" resultType="kr.co.gudi.dto.MemberDTO">
		SELECT id, name, email FROM member LIMIT #{param1} OFFSET #{param2}
	</select>
	
	<select id="memberDetail" resultType="kr.co.gudi.dto.MemberDTO">
		SELECT * FROM member WHERE id = #{param1}
	</select>
	
</mapper>